x0000,y0000,x0001,y0001
0,0.4457346889,0,0.2135529186,
1,0.4457346889,1,0.2135529186,
2,0.4457346889,2,0.2135529186,
3,0.4457346889,3,0.2135529186,
4,0.4457346889,4,0.2135529186,
5,0.4457346889,5,0.2135529186,
6,0.4457346889,6,0.2135529186,
7,0.4457346889,7,0.2135529186,
8,0.4457346889,8,0.2135529186,
9,0.4457346889,9,0.2135529186,
10,0.6849753114,10,0.383664329,
11,0.6849753114,11,0.383664329,
12,0.6849753114,12,0.383664329,
13,0.6849753114,13,0.383664329,
14,0.6849753114,14,0.383664329,
15,0.6849753114,15,0.383664329,
16,0.6849753114,16,0.383664329,
17,0.6849753114,17,0.383664329,
18,0.6849753114,18,0.383664329,
19,0.6849753114,19,0.383664329,
20,0.7888164746,20,0.4354057994,
21,0.7888164746,21,0.4354057994,
22,0.7888164746,22,0.4354057994,
23,0.7888164746,23,0.4354057994,
24,0.7888164746,24,0.4354057994,
25,0.7888164746,25,0.4354057994,
26,0.7888164746,26,0.4354057994,
27,0.7888164746,27,0.4354057994,
28,0.7888164746,28,0.4354057994,
29,0.7888164746,29,0.4354057994,
30,0.05081856961,30,0.6628418765,
31,0.05081856961,31,0.6628418765,
32,0.05081856961,32,0.6628418765,
33,0.05081856961,33,0.6628418765,
34,0.05081856961,34,0.6628418765,
35,0.05081856961,35,0.6628418765,
36,0.05081856961,36,0.6628418765,
37,0.05081856961,37,0.6628418765,
38,0.05081856961,38,0.6628418765,
39,0.05081856961,39,0.6628418765,
40,0.7466193217,40,0.7247574002,
41,0.7466193217,41,0.7247574002,
42,0.7466193217,42,0.7247574002,
43,0.7466193217,43,0.7247574002,
44,0.7466193217,44,0.7247574002,
45,0.7466193217,45,0.7247574002,
46,0.7466193217,46,0.7247574002,
47,0.7466193217,47,0.7247574002,
48,0.7466193217,48,0.7247574002,
49,0.7466193217,49,0.7247574002,
50,0.4091240774,50,0.6672709475,
51,0.4091240774,51,0.6672709475,
52,0.4091240774,52,0.6672709475,
53,0.4091240774,53,0.6672709475,
54,0.4091240774,54,0.6672709475,
55,0.4091240774,55,0.6672709475,
56,0.4091240774,56,0.6672709475,
57,0.4091240774,57,0.6672709475,
58,0.4091240774,58,0.6672709475,
59,0.4091240774,59,0.6672709475,
60,0.1611226384,60,0.5265245067,
61,0.1611226384,61,0.5265245067,
62,0.1611226384,62,0.5265245067,
63,0.1611226384,63,0.5265245067,
64,0.1611226384,64,0.5265245067,
65,0.1611226384,65,0.5265245067,
66,0.1611226384,66,0.5265245067,
67,0.1611226384,67,0.5265245067,
68,0.1611226384,68,0.5265245067,
69,0.1611226384,69,0.5265245067,
70,0.3996958168,70,0.8030478276,
71,0.3996958168,71,0.8030478276,
72,0.3996958168,72,0.8030478276,
73,0.3996958168,73,0.8030478276,
74,0.3996958168,74,0.8030478276,
75,0.3996958168,75,0.8030478276,
76,0.3996958168,76,0.8030478276,
77,0.3996958168,77,0.8030478276,
78,0.3996958168,78,0.8030478276,
79,0.3996958168,79,0.8030478276,
80,0.003167245454,80,0.7878701745,
81,0.003167245454,81,0.7878701745,
82,0.003167245454,82,0.7878701745,
83,0.003167245454,83,0.7878701745,
84,0.003167245454,84,0.7878701745,
85,0.003167245454,85,0.7878701745,
86,0.003167245454,86,0.7878701745,
87,0.003167245454,87,0.7878701745,
88,0.003167245454,88,0.7878701745,
89,0.003167245454,89,0.7878701745,
90,0.5780573497,90,0.6328904019,
91,0.5780573497,91,0.6328904019,
92,0.5780573497,92,0.6328904019,
93,0.5780573497,93,0.6328904019,
94,0.5780573497,94,0.6328904019,
95,0.5780573497,95,0.6328904019,
96,0.5780573497,96,0.6328904019,
97,0.5780573497,97,0.6328904019,
98,0.5780573497,98,0.6328904019,
99,0.5780573497,99,0.6328904019,
100,0.5134413856,100,0.8003072831,
101,0.5134413856,101,0.8003072831,
102,0.5134413856,102,0.8003072831,
103,0.5134413856,103,0.8003072831,
104,0.5134413856,104,0.8003072831,
105,0.5134413856,105,0.8003072831,
106,0.5134413856,106,0.8003072831,
107,0.5134413856,107,0.8003072831,
108,0.5134413856,108,0.8003072831,
109,0.5134413856,109,0.8003072831,
110,0.5518646069,110,0.5051189078,
111,0.5518646069,111,0.5051189078,
112,0.5518646069,112,0.5051189078,
113,0.5518646069,113,0.5051189078,
114,0.5518646069,114,0.5051189078,
115,0.5518646069,115,0.5051189078,
116,0.5518646069,116,0.5051189078,
117,0.5518646069,117,0.5051189078,
118,0.5518646069,118,0.5051189078,
119,0.5518646069,119,0.5051189078,
120,0.819489575,120,0.0336394987,
121,0.819489575,121,0.0336394987,
122,0.819489575,122,0.0336394987,
123,0.819489575,123,0.0336394987,
124,0.819489575,124,0.0336394987,
125,0.819489575,125,0.0336394987,
126,0.819489575,126,0.0336394987,
127,0.819489575,127,0.0336394987,
128,0.819489575,128,0.0336394987,
129,0.819489575,129,0.0336394987,
130,0.8163746866,130,0.5341236114,
131,0.8163746866,131,0.5341236114,
132,0.8163746866,132,0.5341236114,
133,0.8163746866,133,0.5341236114,
134,0.8163746866,134,0.5341236114,
135,0.8163746866,135,0.5341236114,
136,0.8163746866,136,0.5341236114,
137,0.8163746866,137,0.5341236114,
138,0.8163746866,138,0.5341236114,
139,0.8163746866,139,0.5341236114,
140,0.5004892129,140,0.6325968206,
141,0.5004892129,141,0.6325968206,
142,0.5004892129,142,0.6325968206,
143,0.5004892129,143,0.6325968206,
144,0.5004892129,144,0.6325968206,
145,0.5004892129,145,0.6325968206,
146,0.5004892129,146,0.6325968206,
147,0.5004892129,147,0.6325968206,
148,0.5004892129,148,0.6325968206,
149,0.5004892129,149,0.6325968206,
150,0.1715498412,150,0.8029277299,
151,0.1715498412,151,0.8029277299,
152,0.1715498412,152,0.8029277299,
153,0.1715498412,153,0.8029277299,
154,0.1715498412,154,0.8029277299,
155,0.1715498412,155,0.8029277299,
156,0.1715498412,156,0.8029277299,
157,0.1715498412,157,0.8029277299,
158,0.1715498412,158,0.8029277299,
159,0.1715498412,159,0.8029277299,
160,0.8270033605,160,0.07271903537,
161,0.8270033605,161,0.07271903537,
162,0.8270033605,162,0.07271903537,
163,0.8270033605,163,0.07271903537,
164,0.8270033605,164,0.07271903537,
165,0.8270033605,165,0.07271903537,
166,0.8270033605,166,0.07271903537,
167,0.8270033605,167,0.07271903537,
168,0.8270033605,168,0.07271903537,
169,0.8270033605,169,0.07271903537,
170,0.7110534764,170,0.7768690854,
171,0.7110534764,171,0.7768690854,
172,0.7110534764,172,0.7768690854,
173,0.7110534764,173,0.7768690854,
174,0.7110534764,174,0.7768690854,
175,0.7110534764,175,0.7768690854,
176,0.7110534764,176,0.7768690854,
177,0.7110534764,177,0.7768690854,
178,0.7110534764,178,0.7768690854,
179,0.7110534764,179,0.7768690854,
180,0.2345774488,180,0.04476901042,
181,0.2345774488,181,0.04476901042,
182,0.2345774488,182,0.04476901042,
183,0.2345774488,183,0.04476901042,
184,0.2345774488,184,0.04476901042,
185,0.2345774488,185,0.04476901042,
186,0.2345774488,186,0.04476901042,
187,0.2345774488,187,0.04476901042,
188,0.2345774488,188,0.04476901042,
189,0.2345774488,189,0.04476901042,
190,0.1241980274,190,0.4612308697,
191,0.1241980274,191,0.4612308697,
192,0.1241980274,192,0.4612308697,
193,0.1241980274,193,0.4612308697,
194,0.1241980274,194,0.4612308697,
195,0.1241980274,195,0.4612308697,
196,0.1241980274,196,0.4612308697,
197,0.1241980274,197,0.4612308697,
198,0.1241980274,198,0.4612308697,
199,0.1241980274,199,0.4612308697,
200,0.3574951583,200,0.2774271917,
201,0.3574951583,201,0.2774271917,
202,0.3574951583,202,0.2774271917,
203,0.3574951583,203,0.2774271917,
204,0.3574951583,204,0.2774271917,
205,0.3574951583,205,0.2774271917,
206,0.3574951583,206,0.2774271917,
207,0.3574951583,207,0.2774271917,
208,0.3574951583,208,0.2774271917,
209,0.3574951583,209,0.2774271917,
210,0.5619248112,210,0.5129236996,
211,0.5619248112,211,0.5129236996,
212,0.5619248112,212,0.5129236996,
213,0.5619248112,213,0.5129236996,
214,0.5619248112,214,0.5129236996,
215,0.5619248112,215,0.5129236996,
216,0.5619248112,216,0.5129236996,
217,0.5619248112,217,0.5129236996,
218,0.5619248112,218,0.5129236996,
219,0.5619248112,219,0.5129236996,
220,0.7534555043,220,0.821907739,
221,0.7534555043,221,0.821907739,
222,0.7534555043,222,0.821907739,
223,0.7534555043,223,0.821907739,
224,0.7534555043,224,0.821907739,
225,0.7534555043,225,0.821907739,
226,0.7534555043,226,0.821907739,
227,0.7534555043,227,0.821907739,
228,0.7534555043,228,0.821907739,
229,0.7534555043,229,0.821907739,
230,0.0236895038,230,0.715262443,
231,0.0236895038,231,0.715262443,
232,0.0236895038,232,0.715262443,
233,0.0236895038,233,0.715262443,
234,0.0236895038,234,0.715262443,
235,0.0236895038,235,0.715262443,
236,0.0236895038,236,0.715262443,
237,0.0236895038,237,0.715262443,
238,0.0236895038,238,0.715262443,
239,0.0236895038,239,0.715262443,
240,0.4998159238,240,0.1070727522,
241,0.4998159238,241,0.1070727522,
242,0.4998159238,242,0.1070727522,
243,0.4998159238,243,0.1070727522,
244,0.4998159238,244,0.1070727522,
245,0.4998159238,245,0.1070727522,
246,0.4998159238,246,0.1070727522,
247,0.4998159238,247,0.1070727522,
248,0.4998159238,248,0.1070727522,
249,0.4998159238,249,0.1070727522,
250,0.5261321959,250,0.4976784804,
251,0.5261321959,251,0.4976784804,
252,0.5261321959,252,0.4976784804,
253,0.5261321959,253,0.4976784804,
254,0.5261321959,254,0.4976784804,
255,0.5261321959,255,0.4976784804,
256,0.5261321959,256,0.4976784804,
257,0.5261321959,257,0.4976784804,
258,0.5261321959,258,0.4976784804,
259,0.5261321959,259,0.4976784804,
260,0.3185683018,260,0.03341309947,
261,0.3185683018,261,0.03341309947,
262,0.3185683018,262,0.03341309947,
263,0.3185683018,263,0.03341309947,
264,0.3185683018,264,0.03341309947,
265,0.3185683018,265,0.03341309947,
266,0.3185683018,266,0.03341309947,
267,0.3185683018,267,0.03341309947,
268,0.3185683018,268,0.03341309947,
269,0.3185683018,269,0.03341309947,
270,0.6611484233,270,0.8230038998,
271,0.6611484233,271,0.8230038998,
272,0.6611484233,272,0.8230038998,
273,0.6611484233,273,0.8230038998,
274,0.6611484233,274,0.8230038998,
275,0.6611484233,275,0.8230038998,
276,0.6611484233,276,0.8230038998,
277,0.6611484233,277,0.8230038998,
278,0.6611484233,278,0.8230038998,
279,0.6611484233,279,0.8230038998,
280,0.4848902496,280,0.179156919,
281,0.4848902496,281,0.179156919,
282,0.4848902496,282,0.179156919,
283,0.4848902496,283,0.179156919,
284,0.4848902496,284,0.179156919,
285,0.4848902496,285,0.179156919,
286,0.4848902496,286,0.179156919,
287,0.4848902496,287,0.179156919,
288,0.4848902496,288,0.179156919,
289,0.4848902496,289,0.179156919,
290,0.6275710108,290,0.8327469749,
291,0.6275710108,291,0.8327469749,
292,0.6275710108,292,0.8327469749,
293,0.6275710108,293,0.8327469749,
294,0.6275710108,294,0.8327469749,
295,0.6275710108,295,0.8327469749,
296,0.6275710108,296,0.8327469749,
297,0.6275710108,297,0.8327469749,
298,0.6275710108,298,0.8327469749,
299,0.6275710108,299,0.8327469749,
300,0.7508972714,300,0.5910837809,
301,0.7508972714,301,0.5910837809,
302,0.7508972714,302,0.5910837809,
303,0.7508972714,303,0.5910837809,
304,0.7508972714,304,0.5910837809,
305,0.7508972714,305,0.5910837809,
306,0.7508972714,306,0.5910837809,
307,0.7508972714,307,0.5910837809,
308,0.7508972714,308,0.5910837809,
309,0.7508972714,309,0.5910837809,
310,0.3088622692,310,0.5245645346,
311,0.3088622692,311,0.5245645346,
312,0.3088622692,312,0.5245645346,
313,0.3088622692,313,0.5245645346,
314,0.3088622692,314,0.5245645346,
315,0.3088622692,315,0.5245645346,
316,0.3088622692,316,0.5245645346,
317,0.3088622692,317,0.5245645346,
318,0.3088622692,318,0.5245645346,
319,0.3088622692,319,0.5245645346,
320,0.3416271691,320,0.4258683048,
321,0.3416271691,321,0.4258683048,
322,0.3416271691,322,0.4258683048,
323,0.3416271691,323,0.4258683048,
324,0.3416271691,324,0.4258683048,
325,0.3416271691,325,0.4258683048,
326,0.3416271691,326,0.4258683048,
327,0.3416271691,327,0.4258683048,
328,0.3416271691,328,0.4258683048,
329,0.3416271691,329,0.4258683048,
330,0.809644078,330,0.7230354358,
331,0.809644078,331,0.7230354358,
332,0.809644078,332,0.7230354358,
333,0.809644078,333,0.7230354358,
334,0.809644078,334,0.7230354358,
335,0.809644078,335,0.7230354358,
336,0.809644078,336,0.7230354358,
337,0.809644078,337,0.7230354358,
338,0.809644078,338,0.7230354358,
339,0.809644078,339,0.7230354358,
340,0.2386457048,340,0.6477086642,
341,0.2386457048,341,0.6477086642,
342,0.2386457048,342,0.6477086642,
343,0.2386457048,343,0.6477086642,
344,0.2386457048,344,0.6477086642,
345,0.2386457048,345,0.6477086642,
346,0.2386457048,346,0.6477086642,
347,0.2386457048,347,0.6477086642,
348,0.2386457048,348,0.6477086642,
349,0.2386457048,349,0.6477086642,
350,0.01113157443,350,0.7513941712,
351,0.01113157443,351,0.7513941712,
352,0.01113157443,352,0.7513941712,
353,0.01113157443,353,0.7513941712,
354,0.01113157443,354,0.7513941712,
355,0.01113157443,355,0.7513941712,
356,0.01113157443,356,0.7513941712,
357,0.01113157443,357,0.7513941712,
358,0.01113157443,358,0.7513941712,
359,0.01113157443,359,0.7513941712,
360,0.2498531499,360,0.3243687863,
361,0.2498531499,361,0.3243687863,
362,0.2498531499,362,0.3243687863,
363,0.2498531499,363,0.3243687863,
364,0.2498531499,364,0.3243687863,
365,0.2498531499,365,0.3243687863,
366,0.2498531499,366,0.3243687863,
367,0.2498531499,367,0.3243687863,
368,0.2498531499,368,0.3243687863,
369,0.2498531499,369,0.3243687863,
370,0.3557524344,370,0.1696036733,
371,0.3557524344,371,0.1696036733,
372,0.3557524344,372,0.1696036733,
373,0.3557524344,373,0.1696036733,
374,0.3557524344,374,0.1696036733,
375,0.3557524344,375,0.1696036733,
376,0.3557524344,376,0.1696036733,
377,0.3557524344,377,0.1696036733,
378,0.3557524344,378,0.1696036733,
379,0.3557524344,379,0.1696036733,
380,0.1344373401,380,0.09873842433,
381,0.1344373401,381,0.09873842433,
382,0.1344373401,382,0.09873842433,
383,0.1344373401,383,0.09873842433,
384,0.1344373401,384,0.09873842433,
385,0.1344373401,385,0.09873842433,
386,0.1344373401,386,0.09873842433,
387,0.1344373401,387,0.09873842433,
388,0.1344373401,388,0.09873842433,
389,0.1344373401,389,0.09873842433,
390,0.5946282167,390,0.3641583876,
391,0.5946282167,391,0.3641583876,
392,0.5946282167,392,0.3641583876,
393,0.5946282167,393,0.3641583876,
394,0.5946282167,394,0.3641583876,
395,0.5946282167,395,0.3641583876,
396,0.5946282167,396,0.3641583876,
397,0.5946282167,397,0.3641583876,
398,0.5946282167,398,0.3641583876,
399,0.5946282167,399,0.3641583876,
400,0.8206683095,400,0.6592363929,
401,0.8206683095,401,0.6592363929,
402,0.8206683095,402,0.6592363929,
403,0.8206683095,403,0.6592363929,
404,0.8206683095,404,0.6592363929,
405,0.8206683095,405,0.6592363929,
406,0.8206683095,406,0.6592363929,
407,0.8206683095,407,0.6592363929,
408,0.8206683095,408,0.6592363929,
409,0.8206683095,409,0.6592363929,
410,0.6158440235,410,0.3054045309,
411,0.6158440235,411,0.3054045309,
412,0.6158440235,412,0.3054045309,
413,0.6158440235,413,0.3054045309,
414,0.6158440235,414,0.3054045309,
415,0.6158440235,415,0.3054045309,
416,0.6158440235,416,0.3054045309,
417,0.6158440235,417,0.3054045309,
418,0.6158440235,418,0.3054045309,
419,0.6158440235,419,0.3054045309,
420,0.02235756227,420,0.04648215791,
421,0.02235756227,421,0.04648215791,
422,0.02235756227,422,0.04648215791,
423,0.02235756227,423,0.04648215791,
424,0.02235756227,424,0.04648215791,
425,0.02235756227,425,0.04648215791,
426,0.02235756227,426,0.04648215791,
427,0.02235756227,427,0.04648215791,
428,0.02235756227,428,0.04648215791,
429,0.02235756227,429,0.04648215791,
430,0.3390682502,430,0.3175309298,
431,0.3390682502,431,0.3175309298,
432,0.3390682502,432,0.3175309298,
433,0.3390682502,433,0.3175309298,
434,0.3390682502,434,0.3175309298,
435,0.3390682502,435,0.3175309298,
436,0.3390682502,436,0.3175309298,
437,0.3390682502,437,0.3175309298,
438,0.3390682502,438,0.3175309298,
439,0.3390682502,439,0.3175309298,
440,0.7911298211,440,0.687574225,
441,0.7911298211,441,0.687574225,
442,0.7911298211,442,0.687574225,
443,0.7911298211,443,0.687574225,
444,0.7911298211,444,0.687574225,
445,0.7911298211,445,0.687574225,
446,0.7911298211,446,0.687574225,
447,0.7911298211,447,0.687574225,
448,0.7911298211,448,0.687574225,
449,0.7911298211,449,0.687574225,
450,0.5817952992,450,0.0675262941,
451,0.5817952992,451,0.0675262941,
452,0.5817952992,452,0.0675262941,
453,0.5817952992,453,0.0675262941,
454,0.5817952992,454,0.0675262941,
455,0.5817952992,455,0.0675262941,
456,0.5817952992,456,0.0675262941,
457,0.5817952992,457,0.0675262941,
458,0.5817952992,458,0.0675262941,
459,0.5817952992,459,0.0675262941,
460,0.7549852361,460,0.1524744953,
461,0.7549852361,461,0.1524744953,
462,0.7549852361,462,0.1524744953,
463,0.7549852361,463,0.1524744953,
464,0.7549852361,464,0.1524744953,
465,0.7549852361,465,0.1524744953,
466,0.7549852361,466,0.1524744953,
467,0.7549852361,467,0.1524744953,
468,0.7549852361,468,0.1524744953,
469,0.7549852361,469,0.1524744953,
470,0.5832170896,470,0.290045075,
471,0.5832170896,471,0.290045075,
472,0.5832170896,472,0.290045075,
473,0.5832170896,473,0.290045075,
474,0.5832170896,474,0.290045075,
475,0.5832170896,475,0.290045075,
476,0.5832170896,476,0.290045075,
477,0.5832170896,477,0.290045075,
478,0.5832170896,478,0.290045075,
479,0.5832170896,479,0.290045075,
480,0.7842902397,480,0.05683055175,
481,0.7842902397,481,0.05683055175,
482,0.7842902397,482,0.05683055175,
483,0.7842902397,483,0.05683055175,
484,0.7842902397,484,0.05683055175,
485,0.7842902397,485,0.05683055175,
486,0.7842902397,486,0.05683055175,
487,0.7842902397,487,0.05683055175,
488,0.7842902397,488,0.05683055175,
489,0.7842902397,489,0.05683055175,
490,0.6070254848,490,0.5187461747,
491,0.6070254848,491,0.5187461747,
492,0.6070254848,492,0.5187461747,
493,0.6070254848,493,0.5187461747,
494,0.6070254848,494,0.5187461747,
495,0.6070254848,495,0.5187461747,
496,0.6070254848,496,0.5187461747,
497,0.6070254848,497,0.5187461747,
498,0.6070254848,498,0.5187461747,
499,0.6070254848,499,0.5187461747,
500,0.5410678612,500,0.5183775521,
501,0.5410678612,501,0.5183775521,
502,0.5410678612,502,0.5183775521,
503,0.5410678612,503,0.5183775521,
504,0.5410678612,504,0.5183775521,
505,0.5410678612,505,0.5183775521,
506,0.5410678612,506,0.5183775521,
507,0.5410678612,507,0.5183775521,
508,0.5410678612,508,0.5183775521,
509,0.5410678612,509,0.5183775521,
510,0.5065485233,510,0.1863138089,
511,0.5065485233,511,0.1863138089,
512,0.5065485233,512,0.1863138089,
513,0.5065485233,513,0.1863138089,
514,0.5065485233,514,0.1863138089,
515,0.5065485233,515,0.1863138089,
516,0.5065485233,516,0.1863138089,
517,0.5065485233,517,0.1863138089,
518,0.5065485233,518,0.1863138089,
519,0.5065485233,519,0.1863138089,
520,0.1852963838,520,0.233597907,
521,0.1852963838,521,0.233597907,
522,0.1852963838,522,0.233597907,
523,0.1852963838,523,0.233597907,
524,0.1852963838,524,0.233597907,
525,0.1852963838,525,0.233597907,
526,0.1852963838,526,0.233597907,
527,0.1852963838,527,0.233597907,
528,0.1852963838,528,0.233597907,
529,0.1852963838,529,0.233597907,
530,0.7234818697,530,0.2061216085,
531,0.7234818697,531,0.2061216085,
532,0.7234818697,532,0.2061216085,
533,0.7234818697,533,0.2061216085,
534,0.7234818697,534,0.2061216085,
535,0.7234818697,535,0.2061216085,
536,0.7234818697,536,0.2061216085,
537,0.7234818697,537,0.2061216085,
538,0.7234818697,538,0.2061216085,
539,0.7234818697,539,0.2061216085,
540,0.0175617783,540,0.2110555873,
541,0.0175617783,541,0.2110555873,
542,0.0175617783,542,0.2110555873,
543,0.0175617783,543,0.2110555873,
544,0.0175617783,544,0.2110555873,
545,0.0175617783,545,0.2110555873,
546,0.0175617783,546,0.2110555873,
547,0.0175617783,547,0.2110555873,
548,0.0175617783,548,0.2110555873,
549,0.0175617783,549,0.2110555873,
550,0.1280259915,550,0.3336114717,
551,0.1280259915,551,0.3336114717,
552,0.1280259915,552,0.3336114717,
553,0.1280259915,553,0.3336114717,
554,0.1280259915,554,0.3336114717,
555,0.1280259915,555,0.3336114717,
556,0.1280259915,556,0.3336114717,
557,0.1280259915,557,0.3336114717,
558,0.1280259915,558,0.3336114717,
559,0.1280259915,559,0.3336114717,
560,0.2346645089,560,0.1800590902,
561,0.2346645089,561,0.1800590902,
562,0.2346645089,562,0.1800590902,
563,0.2346645089,563,0.1800590902,
564,0.2346645089,564,0.1800590902,
565,0.2346645089,565,0.1800590902,
566,0.2346645089,566,0.1800590902,
567,0.2346645089,567,0.1800590902,
568,0.2346645089,568,0.1800590902,
569,0.2346645089,569,0.1800590902,
570,0.4361334198,570,0.7632585354,
571,0.4361334198,571,0.7632585354,
572,0.4361334198,572,0.7632585354,
573,0.4361334198,573,0.7632585354,
574,0.4361334198,574,0.7632585354,
575,0.4361334198,575,0.7632585354,
576,0.4361334198,576,0.7632585354,
577,0.4361334198,577,0.7632585354,
578,0.4361334198,578,0.7632585354,
579,0.4361334198,579,0.7632585354,
580,0.6982973953,580,0.05293364321,
581,0.6982973953,581,0.05293364321,
582,0.6982973953,582,0.05293364321,
583,0.6982973953,583,0.05293364321,
584,0.6982973953,584,0.05293364321,
585,0.6982973953,585,0.05293364321,
586,0.6982973953,586,0.05293364321,
587,0.6982973953,587,0.05293364321,
588,0.6982973953,588,0.05293364321,
589,0.6982973953,589,0.05293364321,
590,0.4342583664,590,0.2695150474,
591,0.4342583664,591,0.2695150474,
592,0.4342583664,592,0.2695150474,
593,0.4342583664,593,0.2695150474,
594,0.4342583664,594,0.2695150474,
595,0.4342583664,595,0.2695150474,
596,0.4342583664,596,0.2695150474,
597,0.4342583664,597,0.2695150474,
598,0.4342583664,598,0.2695150474,
599,0.4342583664,599,0.2695150474,
600,0.6730047644,600,0.5291104669,
601,0.6730047644,601,0.5291104669,
602,0.6730047644,602,0.5291104669,
603,0.6730047644,603,0.5291104669,
604,0.6730047644,604,0.5291104669,
605,0.6730047644,605,0.5291104669,
606,0.6730047644,606,0.5291104669,
607,0.6730047644,607,0.5291104669,
608,0.6730047644,608,0.5291104669,
609,0.6730047644,609,0.5291104669,
610,0.1822620583,610,0.5017768708,
611,0.1822620583,611,0.5017768708,
612,0.1822620583,612,0.5017768708,
613,0.1822620583,613,0.5017768708,
614,0.1822620583,614,0.5017768708,
615,0.1822620583,615,0.5017768708,
616,0.1822620583,616,0.5017768708,
617,0.1822620583,617,0.5017768708,
618,0.1822620583,618,0.5017768708,
619,0.1822620583,619,0.5017768708,
620,0.4311528655,620,0.4245604882,
621,0.4311528655,621,0.4245604882,
622,0.4311528655,622,0.4245604882,
623,0.4311528655,623,0.4245604882,
624,0.4311528655,624,0.4245604882,
625,0.4311528655,625,0.4245604882,
626,0.4311528655,626,0.4245604882,
627,0.4311528655,627,0.4245604882,
628,0.4311528655,628,0.4245604882,
629,0.4311528655,629,0.4245604882,
630,0.3175915056,630,0.1652104647,
631,0.3175915056,631,0.1652104647,
632,0.3175915056,632,0.1652104647,
633,0.3175915056,633,0.1652104647,
634,0.3175915056,634,0.1652104647,
635,0.3175915056,635,0.1652104647,
636,0.3175915056,636,0.1652104647,
637,0.3175915056,637,0.1652104647,
638,0.3175915056,638,0.1652104647,
639,0.3175915056,639,0.1652104647,
640,0.4395975756,640,0.35657156,
641,0.4395975756,641,0.35657156,
642,0.4395975756,642,0.35657156,
643,0.4395975756,643,0.35657156,
644,0.4395975756,644,0.35657156,
645,0.4395975756,645,0.35657156,
646,0.4395975756,646,0.35657156,
647,0.4395975756,647,0.35657156,
648,0.4395975756,648,0.35657156,
649,0.4395975756,649,0.35657156,
650,0.05917523539,650,0.467485254,
651,0.05917523539,651,0.467485254,
652,0.05917523539,652,0.467485254,
653,0.05917523539,653,0.467485254,
654,0.05917523539,654,0.467485254,
655,0.05917523539,655,0.467485254,
656,0.05917523539,656,0.467485254,
657,0.05917523539,657,0.467485254,
658,0.05917523539,658,0.467485254,
659,0.05917523539,659,0.467485254,
660,0.7533579986,660,0.2789259071,
661,0.7533579986,661,0.2789259071,
662,0.7533579986,662,0.2789259071,
663,0.7533579986,663,0.2789259071,
664,0.7533579986,664,0.2789259071,
665,0.7533579986,665,0.2789259071,
666,0.7533579986,666,0.2789259071,
667,0.7533579986,667,0.2789259071,
668,0.7533579986,668,0.2789259071,
669,0.7533579986,669,0.2789259071,
670,0.09930485804,670,0.2964050779,
671,0.09930485804,671,0.2964050779,
672,0.09930485804,672,0.2964050779,
673,0.09930485804,673,0.2964050779,
674,0.09930485804,674,0.2964050779,
675,0.09930485804,675,0.2964050779,
676,0.09930485804,676,0.2964050779,
677,0.09930485804,677,0.2964050779,
678,0.09930485804,678,0.2964050779,
679,0.09930485804,679,0.2964050779,
680,0.2654267685,680,0.7211664633,
681,0.2654267685,681,0.7211664633,
682,0.2654267685,682,0.7211664633,
683,0.2654267685,683,0.7211664633,
684,0.2654267685,684,0.7211664633,
685,0.2654267685,685,0.7211664633,
686,0.2654267685,686,0.7211664633,
687,0.2654267685,687,0.7211664633,
688,0.2654267685,688,0.7211664633,
689,0.2654267685,689,0.7211664633,
690,0.4834703033,690,0.7309675222,
691,0.4834703033,691,0.7309675222,
692,0.4834703033,692,0.7309675222,
693,0.4834703033,693,0.7309675222,
694,0.4834703033,694,0.7309675222,
695,0.4834703033,695,0.7309675222,
696,0.4834703033,696,0.7309675222,
697,0.4834703033,697,0.7309675222,
698,0.4834703033,698,0.7309675222,
699,0.4834703033,699,0.7309675222,
700,0.6389752013,700,0.7262748602,
701,0.6389752013,701,0.7262748602,
702,0.6389752013,702,0.7262748602,
703,0.6389752013,703,0.7262748602,
704,0.6389752013,704,0.7262748602,
705,0.6389752013,705,0.7262748602,
706,0.6389752013,706,0.7262748602,
707,0.6389752013,707,0.7262748602,
708,0.6389752013,708,0.7262748602,
709,0.6389752013,709,0.7262748602,
710,0.7746070813,710,0.4797925933,
711,0.7746070813,711,0.4797925933,
712,0.7746070813,712,0.4797925933,
713,0.7746070813,713,0.4797925933,
714,0.7746070813,714,0.4797925933,
715,0.7746070813,715,0.4797925933,
716,0.7746070813,716,0.4797925933,
717,0.7746070813,717,0.4797925933,
718,0.7746070813,718,0.4797925933,
719,0.7746070813,719,0.4797925933,
720,0.6182338108,720,0.04633627111,
721,0.6182338108,721,0.04633627111,
722,0.6182338108,722,0.04633627111,
723,0.6182338108,723,0.04633627111,
724,0.6182338108,724,0.04633627111,
725,0.6182338108,725,0.04633627111,
726,0.6182338108,726,0.04633627111,
727,0.6182338108,727,0.04633627111,
728,0.6182338108,728,0.04633627111,
729,0.6182338108,729,0.04633627111,
730,0.5585718859,730,0.3754812103,
731,0.5585718859,731,0.3754812103,
732,0.5585718859,732,0.3754812103,
733,0.5585718859,733,0.3754812103,
734,0.5585718859,734,0.3754812103,
735,0.5585718859,735,0.3754812103,
736,0.5585718859,736,0.3754812103,
737,0.5585718859,737,0.3754812103,
738,0.5585718859,738,0.3754812103,
739,0.5585718859,739,0.3754812103,
740,0.1696379424,740,0.7991397167,
741,0.1696379424,741,0.7991397167,
742,0.1696379424,742,0.7991397167,
743,0.1696379424,743,0.7991397167,
744,0.1696379424,744,0.7991397167,
745,0.1696379424,745,0.7991397167,
746,0.1696379424,746,0.7991397167,
747,0.1696379424,747,0.7991397167,
748,0.1696379424,748,0.7991397167,
749,0.1696379424,749,0.7991397167,
750,0.6531456946,750,0.7465118034,
751,0.6531456946,751,0.7465118034,
752,0.6531456946,752,0.7465118034,
753,0.6531456946,753,0.7465118034,
754,0.6531456946,754,0.7465118034,
755,0.6531456946,755,0.7465118034,
756,0.6531456946,756,0.7465118034,
757,0.6531456946,757,0.7465118034,
758,0.6531456946,758,0.7465118034,
759,0.6531456946,759,0.7465118034,
760,0.5117230073,760,0.4088897689,
761,0.5117230073,761,0.4088897689,
762,0.5117230073,762,0.4088897689,
763,0.5117230073,763,0.4088897689,
764,0.5117230073,764,0.4088897689,
765,0.5117230073,765,0.4088897689,
766,0.5117230073,766,0.4088897689,
767,0.5117230073,767,0.4088897689,
768,0.5117230073,768,0.4088897689,
769,0.5117230073,769,0.4088897689,
770,0.8057513188,770,0.4190682965,
771,0.8057513188,771,0.4190682965,
772,0.8057513188,772,0.4190682965,
773,0.8057513188,773,0.4190682965,
774,0.8057513188,774,0.4190682965,
775,0.8057513188,775,0.4190682965,
776,0.8057513188,776,0.4190682965,
777,0.8057513188,777,0.4190682965,
778,0.8057513188,778,0.4190682965,
779,0.8057513188,779,0.4190682965,
780,0.4510698494,780,0.2903980656,
781,0.4510698494,781,0.2903980656,
782,0.4510698494,782,0.2903980656,
783,0.4510698494,783,0.2903980656,
784,0.4510698494,784,0.2903980656,
785,0.4510698494,785,0.2903980656,
786,0.4510698494,786,0.2903980656,
787,0.4510698494,787,0.2903980656,
788,0.4510698494,788,0.2903980656,
789,0.4510698494,789,0.2903980656,
790,0.4376746636,790,0.2487868049,
791,0.4376746636,791,0.2487868049,
792,0.4376746636,792,0.2487868049,
793,0.4376746636,793,0.2487868049,
794,0.4376746636,794,0.2487868049,
795,0.4376746636,795,0.2487868049,
796,0.4376746636,796,0.2487868049,
797,0.4376746636,797,0.2487868049,
798,0.4376746636,798,0.2487868049,
799,0.4376746636,799,0.2487868049,
800,0.2833485963,800,0.1000062234,
801,0.2833485963,801,0.1000062234,
802,0.2833485963,802,0.1000062234,
803,0.2833485963,803,0.1000062234,
804,0.2833485963,804,0.1000062234,
805,0.2833485963,805,0.1000062234,
806,0.2833485963,806,0.1000062234,
807,0.2833485963,807,0.1000062234,
808,0.2833485963,808,0.1000062234,
809,0.2833485963,809,0.1000062234,
810,0.6123621771,810,0.0736311407,
811,0.6123621771,811,0.0736311407,
812,0.6123621771,812,0.0736311407,
813,0.6123621771,813,0.0736311407,
814,0.6123621771,814,0.0736311407,
815,0.6123621771,815,0.0736311407,
816,0.6123621771,816,0.0736311407,
817,0.6123621771,817,0.0736311407,
818,0.6123621771,818,0.0736311407,
819,0.6123621771,819,0.0736311407,
820,0.8063814848,820,0.4402020995,
821,0.8063814848,821,0.4402020995,
822,0.8063814848,822,0.4402020995,
823,0.8063814848,823,0.4402020995,
824,0.8063814848,824,0.4402020995,
825,0.8063814848,825,0.4402020995,
826,0.8063814848,826,0.4402020995,
827,0.8063814848,827,0.4402020995,
828,0.8063814848,828,0.4402020995,
829,0.8063814848,829,0.4402020995,
830,0.4475419526,830,0.6778185479,
831,0.4475419526,831,0.6778185479,
832,0.4475419526,832,0.6778185479,
833,0.4475419526,833,0.6778185479,
834,0.4475419526,834,0.6778185479,
835,0.4475419526,835,0.6778185479,
836,0.4475419526,836,0.6778185479,
837,0.4475419526,837,0.6778185479,
838,0.4475419526,838,0.6778185479,
839,0.4475419526,839,0.6778185479,
840,0.8235550602,840,0.6557754772,
841,0.8235550602,841,0.6557754772,
842,0.8235550602,842,0.6557754772,
843,0.8235550602,843,0.6557754772,
844,0.8235550602,844,0.6557754772,
845,0.8235550602,845,0.6557754772,
846,0.8235550602,846,0.6557754772,
847,0.8235550602,847,0.6557754772,
848,0.8235550602,848,0.6557754772,
849,0.8235550602,849,0.6557754772,
850,0.8316308091,850,0.7564713192,
851,0.8316308091,851,0.7564713192,
852,0.8316308091,852,0.7564713192,
853,0.8316308091,853,0.7564713192,
854,0.8316308091,854,0.7564713192,
855,0.8316308091,855,0.7564713192,
856,0.8316308091,856,0.7564713192,
857,0.8316308091,857,0.7564713192,
858,0.8316308091,858,0.7564713192,
859,0.8316308091,859,0.7564713192,
860,0.3854603929,860,0.2026808879,
861,0.3854603929,861,0.2026808879,
862,0.3854603929,862,0.2026808879,
863,0.3854603929,863,0.2026808879,
864,0.3854603929,864,0.2026808879,
865,0.3854603929,865,0.2026808879,
866,0.3854603929,866,0.2026808879,
867,0.3854603929,867,0.2026808879,
868,0.3854603929,868,0.2026808879,
869,0.3854603929,869,0.2026808879,
870,0.2992338179,870,0.06674611476,
871,0.2992338179,871,0.06674611476,
872,0.2992338179,872,0.06674611476,
873,0.2992338179,873,0.06674611476,
874,0.2992338179,874,0.06674611476,
875,0.2992338179,875,0.06674611476,
876,0.2992338179,876,0.06674611476,
877,0.2992338179,877,0.06674611476,
878,0.2992338179,878,0.06674611476,
879,0.2992338179,879,0.06674611476,
880,0.5570271327,880,0.5944660596,
881,0.5570271327,881,0.5944660596,
882,0.5570271327,882,0.5944660596,
883,0.5570271327,883,0.5944660596,
884,0.5570271327,884,0.5944660596,
885,0.5570271327,885,0.5944660596,
886,0.5570271327,886,0.5944660596,
887,0.5570271327,887,0.5944660596,
888,0.5570271327,888,0.5944660596,
889,0.5570271327,889,0.5944660596,
890,0.05889398388,890,0.8298837563,
891,0.05889398388,891,0.8298837563,
892,0.05889398388,892,0.8298837563,
893,0.05889398388,893,0.8298837563,
894,0.05889398388,894,0.8298837563,
895,0.05889398388,895,0.8298837563,
896,0.05889398388,896,0.8298837563,
897,0.05889398388,897,0.8298837563,
898,0.05889398388,898,0.8298837563,
899,0.05889398388,899,0.8298837563,
900,0.08370425228,900,0.7968364284,
901,0.08370425228,901,0.7968364284,
902,0.08370425228,902,0.7968364284,
903,0.08370425228,903,0.7968364284,
904,0.08370425228,904,0.7968364284,
905,0.08370425228,905,0.7968364284,
906,0.08370425228,906,0.7968364284,
907,0.08370425228,907,0.7968364284,
908,0.08370425228,908,0.7968364284,
909,0.08370425228,909,0.7968364284,
910,0.2205348376,910,0.2314581761,
911,0.2205348376,911,0.2314581761,
912,0.2205348376,912,0.2314581761,
913,0.2205348376,913,0.2314581761,
914,0.2205348376,914,0.2314581761,
915,0.2205348376,915,0.2314581761,
916,0.2205348376,916,0.2314581761,
917,0.2205348376,917,0.2314581761,
918,0.2205348376,918,0.2314581761,
919,0.2205348376,919,0.2314581761,
920,0.607467179,920,0.07884761449,
921,0.607467179,921,0.07884761449,
922,0.607467179,922,0.07884761449,
923,0.607467179,923,0.07884761449,
924,0.607467179,924,0.07884761449,
925,0.607467179,925,0.07884761449,
926,0.607467179,926,0.07884761449,
927,0.607467179,927,0.07884761449,
928,0.607467179,928,0.07884761449,
929,0.607467179,929,0.07884761449,
930,0.1570738949,930,0.6245582061,
931,0.1570738949,931,0.6245582061,
932,0.1570738949,932,0.6245582061,
933,0.1570738949,933,0.6245582061,
934,0.1570738949,934,0.6245582061,
935,0.1570738949,935,0.6245582061,
936,0.1570738949,936,0.6245582061,
937,0.1570738949,937,0.6245582061,
938,0.1570738949,938,0.6245582061,
939,0.1570738949,939,0.6245582061,
940,0.6392510016,940,0.6081179424,
941,0.6392510016,941,0.6081179424,
942,0.6392510016,942,0.6081179424,
943,0.6392510016,943,0.6081179424,
944,0.6392510016,944,0.6081179424,
945,0.6392510016,945,0.6081179424,
946,0.6392510016,946,0.6081179424,
947,0.6392510016,947,0.6081179424,
948,0.6392510016,948,0.6081179424,
949,0.6392510016,949,0.6081179424,
950,0.407206597,950,0.07370769763,
951,0.407206597,951,0.07370769763,
952,0.407206597,952,0.07370769763,
953,0.407206597,953,0.07370769763,
954,0.407206597,954,0.07370769763,
955,0.407206597,955,0.07370769763,
956,0.407206597,956,0.07370769763,
957,0.407206597,957,0.07370769763,
958,0.407206597,958,0.07370769763,
959,0.407206597,959,0.07370769763,
960,0.3858331766,960,0.1571743444,
961,0.3858331766,961,0.1571743444,
962,0.3858331766,962,0.1571743444,
963,0.3858331766,963,0.1571743444,
964,0.3858331766,964,0.1571743444,
965,0.3858331766,965,0.1571743444,
966,0.3858331766,966,0.1571743444,
967,0.3858331766,967,0.1571743444,
968,0.3858331766,968,0.1571743444,
969,0.3858331766,969,0.1571743444,
970,0.7412301531,970,0.6092951537,
971,0.7412301531,971,0.6092951537,
972,0.7412301531,972,0.6092951537,
973,0.7412301531,973,0.6092951537,
974,0.7412301531,974,0.6092951537,
975,0.7412301531,975,0.6092951537,
976,0.7412301531,976,0.6092951537,
977,0.7412301531,977,0.6092951537,
978,0.7412301531,978,0.6092951537,
979,0.7412301531,979,0.6092951537,
980,0.5460679834,980,0.178801526,
981,0.5460679834,981,0.178801526,
982,0.5460679834,982,0.178801526,
983,0.5460679834,983,0.178801526,
984,0.5460679834,984,0.178801526,
985,0.5460679834,985,0.178801526,
986,0.5460679834,986,0.178801526,
987,0.5460679834,987,0.178801526,
988,0.5460679834,988,0.178801526,
989,0.5460679834,989,0.178801526,
990,0.7333025308,990,0.09761706205,
991,0.7333025308,991,0.09761706205,
992,0.7333025308,992,0.09761706205,
993,0.7333025308,993,0.09761706205,
994,0.7333025308,994,0.09761706205,
995,0.7333025308,995,0.09761706205,
996,0.7333025308,996,0.09761706205,
997,0.7333025308,997,0.09761706205,
998,0.7333025308,998,0.09761706205,
999,0.7333025308,999,0.09761706205,
1000,0.4626463755,1000,0.7990886731,
1001,0.4626463755,1001,0.7990886731,
1002,0.4626463755,1002,0.7990886731,
1003,0.4626463755,1003,0.7990886731,
1004,0.4626463755,1004,0.7990886731,
1005,0.4626463755,1005,0.7990886731,
1006,0.4626463755,1006,0.7990886731,
1007,0.4626463755,1007,0.7990886731,
1008,0.4626463755,1008,0.7990886731,
1009,0.4626463755,1009,0.7990886731,
1010,0.6203766961,1010,0.7265580927,
1011,0.6203766961,1011,0.7265580927,
1012,0.6203766961,1012,0.7265580927,
1013,0.6203766961,1013,0.7265580927,
1014,0.6203766961,1014,0.7265580927,
1015,0.6203766961,1015,0.7265580927,
1016,0.6203766961,1016,0.7265580927,
1017,0.6203766961,1017,0.7265580927,
1018,0.6203766961,1018,0.7265580927,
1019,0.6203766961,1019,0.7265580927,
1020,0.08191651469,1020,0.1249403253,
1021,0.08191651469,1021,0.1249403253,
1022,0.08191651469,1022,0.1249403253,
1023,0.08191651469,1023,0.1249403253,
1024,0.08191651469,1024,0.1249403253,
1025,0.08191651469,1025,0.1249403253,
1026,0.08191651469,1026,0.1249403253,
1027,0.08191651469,1027,0.1249403253,
1028,0.08191651469,1028,0.1249403253,
1029,0.08191651469,1029,0.1249403253,
1030,0.3171256428,1030,0.813450726,
1031,0.3171256428,1031,0.813450726,
1032,0.3171256428,1032,0.813450726,
1033,0.3171256428,1033,0.813450726,
1034,0.3171256428,1034,0.813450726,
1035,0.3171256428,1035,0.813450726,
1036,0.3171256428,1036,0.813450726,
1037,0.3171256428,1037,0.813450726,
1038,0.3171256428,1038,0.813450726,
1039,0.3171256428,1039,0.813450726,
1040,0.8390417731,1040,0.5721458182,
1041,0.8390417731,1041,0.5721458182,
1042,0.8390417731,1042,0.5721458182,
1043,0.8390417731,1043,0.5721458182,
1044,0.8390417731,1044,0.5721458182,
1045,0.8390417731,1045,0.5721458182,
1046,0.8390417731,1046,0.5721458182,
1047,0.8390417731,1047,0.5721458182,
1048,0.8390417731,1048,0.5721458182,
1049,0.8390417731,1049,0.5721458182,
1050,0.7480342306,1050,0.5439919504,
1051,0.7480342306,1051,0.5439919504,
1052,0.7480342306,1052,0.5439919504,
1053,0.7480342306,1053,0.5439919504,
1054,0.7480342306,1054,0.5439919504,
1055,0.7480342306,1055,0.5439919504,
1056,0.7480342306,1056,0.5439919504,
1057,0.7480342306,1057,0.5439919504,
1058,0.7480342306,1058,0.5439919504,
1059,0.7480342306,1059,0.5439919504,
1060,0.5854986767,1060,0.6550670458,
1061,0.5854986767,1061,0.6550670458,
1062,0.5854986767,1062,0.6550670458,
1063,0.5854986767,1063,0.6550670458,
1064,0.5854986767,1064,0.6550670458,
1065,0.5854986767,1065,0.6550670458,
1066,0.5854986767,1066,0.6550670458,
1067,0.5854986767,1067,0.6550670458,
1068,0.5854986767,1068,0.6550670458,
1069,0.5854986767,1069,0.6550670458,
1070,0.8297568834,1070,0.7477470271,
1071,0.8297568834,1071,0.7477470271,
1072,0.8297568834,1072,0.7477470271,
1073,0.8297568834,1073,0.7477470271,
1074,0.8297568834,1074,0.7477470271,
1075,0.8297568834,1075,0.7477470271,
1076,0.8297568834,1076,0.7477470271,
1077,0.8297568834,1077,0.7477470271,
1078,0.8297568834,1078,0.7477470271,
1079,0.8297568834,1079,0.7477470271,
1080,0.649277306,1080,0.126982561,
1081,0.649277306,1081,0.126982561,
1082,0.649277306,1082,0.126982561,
1083,0.649277306,1083,0.126982561,
1084,0.649277306,1084,0.126982561,
1085,0.649277306,1085,0.126982561,
1086,0.649277306,1086,0.126982561,
1087,0.649277306,1087,0.126982561,
1088,0.649277306,1088,0.126982561,
1089,0.649277306,1089,0.126982561,
1090,0.5688483103,1090,0.2430685707,
1091,0.5688483103,1091,0.2430685707,
1092,0.5688483103,1092,0.2430685707,
1093,0.5688483103,1093,0.2430685707,
1094,0.5688483103,1094,0.2430685707,
1095,0.5688483103,1095,0.2430685707,
1096,0.5688483103,1096,0.2430685707,
1097,0.5688483103,1097,0.2430685707,
1098,0.5688483103,1098,0.2430685707,
1099,0.5688483103,1099,0.2430685707,
1100,0.007836907772,1100,0.04493909352,
1101,0.007836907772,1101,0.04493909352,
1102,0.007836907772,1102,0.04493909352,
1103,0.007836907772,1103,0.04493909352,
1104,0.007836907772,1104,0.04493909352,
1105,0.007836907772,1105,0.04493909352,
1106,0.007836907772,1106,0.04493909352,
1107,0.007836907772,1107,0.04493909352,
1108,0.007836907772,1108,0.04493909352,
1109,0.007836907772,1109,0.04493909352,
1110,0.5505938911,1110,0.206919334,
1111,0.5505938911,1111,0.206919334,
1112,0.5505938911,1112,0.206919334,
1113,0.5505938911,1113,0.206919334,
1114,0.5505938911,1114,0.206919334,
1115,0.5505938911,1115,0.206919334,
1116,0.5505938911,1116,0.206919334,
1117,0.5505938911,1117,0.206919334,
1118,0.5505938911,1118,0.206919334,
1119,0.5505938911,1119,0.206919334,
1120,0.3750393723,1120,0.6119888124,
1121,0.3750393723,1121,0.6119888124,
1122,0.3750393723,1122,0.6119888124,
1123,0.3750393723,1123,0.6119888124,
1124,0.3750393723,1124,0.6119888124,
1125,0.3750393723,1125,0.6119888124,
1126,0.3750393723,1126,0.6119888124,
1127,0.3750393723,1127,0.6119888124,
1128,0.3750393723,1128,0.6119888124,
1129,0.3750393723,1129,0.6119888124,
1130,0.1257515107,1130,0.6333480605,
1131,0.1257515107,1131,0.6333480605,
1132,0.1257515107,1132,0.6333480605,
1133,0.1257515107,1133,0.6333480605,
1134,0.1257515107,1134,0.6333480605,
1135,0.1257515107,1135,0.6333480605,
1136,0.1257515107,1136,0.6333480605,
1137,0.1257515107,1137,0.6333480605,
1138,0.1257515107,1138,0.6333480605,
1139,0.1257515107,1139,0.6333480605,
1140,0.6049452024,1140,0.7954434762,
1141,0.6049452024,1141,0.7954434762,
1142,0.6049452024,1142,0.7954434762,
1143,0.6049452024,1143,0.7954434762,
1144,0.6049452024,1144,0.7954434762,
1145,0.6049452024,1145,0.7954434762,
1146,0.6049452024,1146,0.7954434762,
1147,0.6049452024,1147,0.7954434762,
1148,0.6049452024,1148,0.7954434762,
1149,0.6049452024,1149,0.7954434762,
1150,0.2151932276,1150,0.3552212356,
1151,0.2151932276,1151,0.3552212356,
1152,0.2151932276,1152,0.3552212356,
1153,0.2151932276,1153,0.3552212356,
1154,0.2151932276,1154,0.3552212356,
1155,0.2151932276,1155,0.3552212356,
1156,0.2151932276,1156,0.3552212356,
1157,0.2151932276,1157,0.3552212356,
1158,0.2151932276,1158,0.3552212356,
1159,0.2151932276,1159,0.3552212356,
1160,0.1511624743,1160,0.761616587,
1161,0.1511624743,1161,0.761616587,
1162,0.1511624743,1162,0.761616587,
1163,0.1511624743,1163,0.761616587,
1164,0.1511624743,1164,0.761616587,
1165,0.1511624743,1165,0.761616587,
1166,0.1511624743,1166,0.761616587,
1167,0.1511624743,1167,0.761616587,
1168,0.1511624743,1168,0.761616587,
1169,0.1511624743,1169,0.761616587,
1170,0.58067122,1170,0.573249993,
1171,0.58067122,1171,0.573249993,
1172,0.58067122,1172,0.573249993,
1173,0.58067122,1173,0.573249993,
1174,0.58067122,1174,0.573249993,
1175,0.58067122,1175,0.573249993,
1176,0.58067122,1176,0.573249993,
1177,0.58067122,1177,0.573249993,
1178,0.58067122,1178,0.573249993,
1179,0.58067122,1179,0.573249993,
1180,0.5516765972,1180,0.4940822174,
1181,0.5516765972,1181,0.4940822174,
1182,0.5516765972,1182,0.4940822174,
1183,0.5516765972,1183,0.4940822174,
1184,0.5516765972,1184,0.4940822174,
1185,0.5516765972,1185,0.4940822174,
1186,0.5516765972,1186,0.4940822174,
1187,0.5516765972,1187,0.4940822174,
1188,0.5516765972,1188,0.4940822174,
1189,0.5516765972,1189,0.4940822174,
1190,0.6108008998,1190,0.5374873649,
1191,0.6108008998,1191,0.5374873649,
1192,0.6108008998,1192,0.5374873649,
1193,0.6108008998,1193,0.5374873649,
1194,0.6108008998,1194,0.5374873649,
1195,0.6108008998,1195,0.5374873649,
1196,0.6108008998,1196,0.5374873649,
1197,0.6108008998,1197,0.5374873649,
1198,0.6108008998,1198,0.5374873649,
1199,0.6108008998,1199,0.5374873649,
1200,0.07229275082,1200,0.5308434341,
1201,0.07229275082,1201,0.5308434341,
1202,0.07229275082,1202,0.5308434341,
1203,0.07229275082,1203,0.5308434341,
1204,0.07229275082,1204,0.5308434341,
1205,0.07229275082,1205,0.5308434341,
1206,0.07229275082,1206,0.5308434341,
1207,0.07229275082,1207,0.5308434341,
1208,0.07229275082,1208,0.5308434341,
1209,0.07229275082,1209,0.5308434341,
1210,0.2352883932,1210,0.7028013721,
1211,0.2352883932,1211,0.7028013721,
1212,0.2352883932,1212,0.7028013721,
1213,0.2352883932,1213,0.7028013721,
1214,0.2352883932,1214,0.7028013721,
1215,0.2352883932,1215,0.7028013721,
1216,0.2352883932,1216,0.7028013721,
1217,0.2352883932,1217,0.7028013721,
1218,0.2352883932,1218,0.7028013721,
1219,0.2352883932,1219,0.7028013721,
1220,0.8233659466,1220,0.3792970024,
1221,0.8233659466,1221,0.3792970024,
1222,0.8233659466,1222,0.3792970024,
1223,0.8233659466,1223,0.3792970024,
1224,0.8233659466,1224,0.3792970024,
1225,0.8233659466,1225,0.3792970024,
1226,0.8233659466,1226,0.3792970024,
1227,0.8233659466,1227,0.3792970024,
1228,0.8233659466,1228,0.3792970024,
1229,0.8233659466,1229,0.3792970024,
1230,0.5198148321,1230,0.5563079385,
1231,0.5198148321,1231,0.5563079385,
1232,0.5198148321,1232,0.5563079385,
1233,0.5198148321,1233,0.5563079385,
1234,0.5198148321,1234,0.5563079385,
1235,0.5198148321,1235,0.5563079385,
1236,0.5198148321,1236,0.5563079385,
1237,0.5198148321,1237,0.5563079385,
1238,0.5198148321,1238,0.5563079385,
1239,0.5198148321,1239,0.5563079385,
1240,0.6669378515,1240,0.8053967842,
1241,0.6669378515,1241,0.8053967842,
1242,0.6669378515,1242,0.8053967842,
1243,0.6669378515,1243,0.8053967842,
1244,0.6669378515,1244,0.8053967842,
1245,0.6669378515,1245,0.8053967842,
1246,0.6669378515,1246,0.8053967842,
1247,0.6669378515,1247,0.8053967842,
1248,0.6669378515,1248,0.8053967842,
1249,0.6669378515,1249,0.8053967842,
1250,0.5621806394,1250,0.4121263715,
1251,0.5621806394,1251,0.4121263715,
1252,0.5621806394,1252,0.4121263715,
1253,0.5621806394,1253,0.4121263715,
1254,0.5621806394,1254,0.4121263715,
1255,0.5621806394,1255,0.4121263715,
1256,0.5621806394,1256,0.4121263715,
1257,0.5621806394,1257,0.4121263715,
1258,0.5621806394,1258,0.4121263715,
1259,0.5621806394,1259,0.4121263715,
1260,0.1839761277,1260,0.2589719864,
1261,0.1839761277,1261,0.2589719864,
1262,0.1839761277,1262,0.2589719864,
1263,0.1839761277,1263,0.2589719864,
1264,0.1839761277,1264,0.2589719864,
1265,0.1839761277,1265,0.2589719864,
1266,0.1839761277,1266,0.2589719864,
1267,0.1839761277,1267,0.2589719864,
1268,0.1839761277,1268,0.2589719864,
1269,0.1839761277,1269,0.2589719864,
1270,0.8029333652,1270,0.6257023546,
1271,0.8029333652,1271,0.6257023546,
1272,0.8029333652,1272,0.6257023546,
1273,0.8029333652,1273,0.6257023546,
1274,0.8029333652,1274,0.6257023546,
1275,0.8029333652,1275,0.6257023546,
1276,0.8029333652,1276,0.6257023546,
1277,0.8029333652,1277,0.6257023546,
1278,0.8029333652,1278,0.6257023546,
1279,0.8029333652,1279,0.6257023546,
1280,0.5164799436,1280,0.8325276136,
1281,0.5164799436,1281,0.8325276136,
1282,0.5164799436,1282,0.8325276136,
1283,0.5164799436,1283,0.8325276136,
1284,0.5164799436,1284,0.8325276136,
1285,0.5164799436,1285,0.8325276136,
1286,0.5164799436,1286,0.8325276136,
1287,0.5164799436,1287,0.8325276136,
1288,0.5164799436,1288,0.8325276136,
1289,0.5164799436,1289,0.8325276136,
1290,0.5957454716,1290,0.1267904564,
1291,0.5957454716,1291,0.1267904564,
1292,0.5957454716,1292,0.1267904564,
1293,0.5957454716,1293,0.1267904564,
1294,0.5957454716,1294,0.1267904564,
1295,0.5957454716,1295,0.1267904564,
1296,0.5957454716,1296,0.1267904564,
1297,0.5957454716,1297,0.1267904564,
1298,0.5957454716,1298,0.1267904564,
1299,0.5957454716,1299,0.1267904564,
1300,0.4523890243,1300,0.6845406363,
1301,0.4523890243,1301,0.6845406363,
1302,0.4523890243,1302,0.6845406363,
1303,0.4523890243,1303,0.6845406363,
1304,0.4523890243,1304,0.6845406363,
1305,0.4523890243,1305,0.6845406363,
1306,0.4523890243,1306,0.6845406363,
1307,0.4523890243,1307,0.6845406363,
1308,0.4523890243,1308,0.6845406363,
1309,0.4523890243,1309,0.6845406363,
1310,0.1463807012,1310,0.005947980849,
1311,0.1463807012,1311,0.005947980849,
1312,0.1463807012,1312,0.005947980849,
1313,0.1463807012,1313,0.005947980849,
1314,0.1463807012,1314,0.005947980849,
1315,0.1463807012,1315,0.005947980849,
1316,0.1463807012,1316,0.005947980849,
1317,0.1463807012,1317,0.005947980849,
1318,0.1463807012,1318,0.005947980849,
1319,0.1463807012,1319,0.005947980849,
1320,0.3584941535,1320,0.6884031116,
1321,0.3584941535,1321,0.6884031116,
1322,0.3584941535,1322,0.6884031116,
1323,0.3584941535,1323,0.6884031116,
1324,0.3584941535,1324,0.6884031116,
1325,0.3584941535,1325,0.6884031116,
1326,0.3584941535,1326,0.6884031116,
1327,0.3584941535,1327,0.6884031116,
1328,0.3584941535,1328,0.6884031116,
1329,0.3584941535,1329,0.6884031116,
1330,0.1495818885,1330,0.6703327487,
1331,0.1495818885,1331,0.6703327487,
1332,0.1495818885,1332,0.6703327487,
1333,0.1495818885,1333,0.6703327487,
1334,0.1495818885,1334,0.6703327487,
1335,0.1495818885,1335,0.6703327487,
1336,0.1495818885,1336,0.6703327487,
1337,0.1495818885,1337,0.6703327487,
1338,0.1495818885,1338,0.6703327487,
1339,0.1495818885,1339,0.6703327487,
1340,0.7450882854,1340,0.2197352773,
1341,0.7450882854,1341,0.2197352773,
1342,0.7450882854,1342,0.2197352773,
1343,0.7450882854,1343,0.2197352773,
1344,0.7450882854,1344,0.2197352773,
1345,0.7450882854,1345,0.2197352773,
1346,0.7450882854,1346,0.2197352773,
1347,0.7450882854,1347,0.2197352773,
1348,0.7450882854,1348,0.2197352773,
1349,0.7450882854,1349,0.2197352773,
1350,0.1090737303,1350,0.3247712845,
1351,0.1090737303,1351,0.3247712845,
1352,0.1090737303,1352,0.3247712845,
1353,0.1090737303,1353,0.3247712845,
1354,0.1090737303,1354,0.3247712845,
1355,0.1090737303,1355,0.3247712845,
1356,0.1090737303,1356,0.3247712845,
1357,0.1090737303,1357,0.3247712845,
1358,0.1090737303,1358,0.3247712845,
1359,0.1090737303,1359,0.3247712845,
1360,0.225495498,1360,0.7736881091,
1361,0.225495498,1361,0.7736881091,
1362,0.225495498,1362,0.7736881091,
1363,0.225495498,1363,0.7736881091,
1364,0.225495498,1364,0.7736881091,
1365,0.225495498,1365,0.7736881091,
1366,0.225495498,1366,0.7736881091,
1367,0.225495498,1367,0.7736881091,
1368,0.225495498,1368,0.7736881091,
1369,0.225495498,1369,0.7736881091,
1370,0.6672670747,1370,0.7280910684,
1371,0.6672670747,1371,0.7280910684,
1372,0.6672670747,1372,0.7280910684,
1373,0.6672670747,1373,0.7280910684,
1374,0.6672670747,1374,0.7280910684,
1375,0.6672670747,1375,0.7280910684,
1376,0.6672670747,1376,0.7280910684,
1377,0.6672670747,1377,0.7280910684,
1378,0.6672670747,1378,0.7280910684,
1379,0.6672670747,1379,0.7280910684,
1380,0.2271419187,1380,0.09355614568,
1381,0.2271419187,1381,0.09355614568,
1382,0.2271419187,1382,0.09355614568,
1383,0.2271419187,1383,0.09355614568,
1384,0.2271419187,1384,0.09355614568,
1385,0.2271419187,1385,0.09355614568,
1386,0.2271419187,1386,0.09355614568,
1387,0.2271419187,1387,0.09355614568,
1388,0.2271419187,1388,0.09355614568,
1389,0.2271419187,1389,0.09355614568,
1390,0.6352916785,1390,0.5413554234,
1391,0.6352916785,1391,0.5413554234,
1392,0.6352916785,1392,0.5413554234,
1393,0.6352916785,1393,0.5413554234,
1394,0.6352916785,1394,0.5413554234,
1395,0.6352916785,1395,0.5413554234,
1396,0.6352916785,1396,0.5413554234,
1397,0.6352916785,1397,0.5413554234,
1398,0.6352916785,1398,0.5413554234,
1399,0.6352916785,1399,0.5413554234,
1400,0.2715387717,1400,0.6658636995,
1401,0.2715387717,1401,0.6658636995,
1402,0.2715387717,1402,0.6658636995,
1403,0.2715387717,1403,0.6658636995,
1404,0.2715387717,1404,0.6658636995,
1405,0.2715387717,1405,0.6658636995,
1406,0.2715387717,1406,0.6658636995,
1407,0.2715387717,1407,0.6658636995,
1408,0.2715387717,1408,0.6658636995,
1409,0.2715387717,1409,0.6658636995,
1410,0.7049912228,1410,0.3953531771,
1411,0.7049912228,1411,0.3953531771,
1412,0.7049912228,1412,0.3953531771,
1413,0.7049912228,1413,0.3953531771,
1414,0.7049912228,1414,0.3953531771,
1415,0.7049912228,1415,0.3953531771,
1416,0.7049912228,1416,0.3953531771,
1417,0.7049912228,1417,0.3953531771,
1418,0.7049912228,1418,0.3953531771,
1419,0.7049912228,1419,0.3953531771,
1420,0.6455819562,1420,0.02315570538,
1421,0.6455819562,1421,0.02315570538,
1422,0.6455819562,1422,0.02315570538,
1423,0.6455819562,1423,0.02315570538,
1424,0.6455819562,1424,0.02315570538,
1425,0.6455819562,1425,0.02315570538,
1426,0.6455819562,1426,0.02315570538,
1427,0.6455819562,1427,0.02315570538,
1428,0.6455819562,1428,0.02315570538,
1429,0.6455819562,1429,0.02315570538,
1430,0.1582766086,1430,0.1802753078,
1431,0.1582766086,1431,0.1802753078,
1432,0.1582766086,1432,0.1802753078,
1433,0.1582766086,1433,0.1802753078,
1434,0.1582766086,1434,0.1802753078,
1435,0.1582766086,1435,0.1802753078,
1436,0.1582766086,1436,0.1802753078,
1437,0.1582766086,1437,0.1802753078,
1438,0.1582766086,1438,0.1802753078,
1439,0.1582766086,1439,0.1802753078,
1440,0.3066242118,1440,0.5028793658,
1441,0.3066242118,1441,0.5028793658,
1442,0.3066242118,1442,0.5028793658,
1443,0.3066242118,1443,0.5028793658,
1444,0.3066242118,1444,0.5028793658,
1445,0.3066242118,1445,0.5028793658,
1446,0.3066242118,1446,0.5028793658,
1447,0.3066242118,1447,0.5028793658,
1448,0.3066242118,1448,0.5028793658,
1449,0.3066242118,1449,0.5028793658,
1450,0.5903850516,1450,0.7468133542,
1451,0.5903850516,1451,0.7468133542,
1452,0.5903850516,1452,0.7468133542,
1453,0.5903850516,1453,0.7468133542,
1454,0.5903850516,1454,0.7468133542,
1455,0.5903850516,1455,0.7468133542,
1456,0.5903850516,1456,0.7468133542,
1457,0.5903850516,1457,0.7468133542,
1458,0.5903850516,1458,0.7468133542,
1459,0.5903850516,1459,0.7468133542,
1460,0.003285032397,1460,0.2150686505,
1461,0.003285032397,1461,0.2150686505,
1462,0.003285032397,1462,0.2150686505,
1463,0.003285032397,1463,0.2150686505,
1464,0.003285032397,1464,0.2150686505,
1465,0.003285032397,1465,0.2150686505,
1466,0.003285032397,1466,0.2150686505,
1467,0.003285032397,1467,0.2150686505,
1468,0.003285032397,1468,0.2150686505,
1469,0.003285032397,1469,0.2150686505,
1470,0.7045391835,1470,0.04848273228,
1471,0.7045391835,1471,0.04848273228,
1472,0.7045391835,1472,0.04848273228,
1473,0.7045391835,1473,0.04848273228,
1474,0.7045391835,1474,0.04848273228,
1475,0.7045391835,1475,0.04848273228,
1476,0.7045391835,1476,0.04848273228,
1477,0.7045391835,1477,0.04848273228,
1478,0.7045391835,1478,0.04848273228,
1479,0.7045391835,1479,0.04848273228,
1480,0.2543258838,1480,0.8107958642,
1481,0.2543258838,1481,0.8107958642,
1482,0.2543258838,1482,0.8107958642,
1483,0.2543258838,1483,0.8107958642,
1484,0.2543258838,1484,0.8107958642,
1485,0.2543258838,1485,0.8107958642,
1486,0.2543258838,1486,0.8107958642,
1487,0.2543258838,1487,0.8107958642,
1488,0.2543258838,1488,0.8107958642,
1489,0.2543258838,1489,0.8107958642,
1490,0.5881179578,1490,0.3641307084,
1491,0.5881179578,1491,0.3641307084,
1492,0.5881179578,1492,0.3641307084,
1493,0.5881179578,1493,0.3641307084,
1494,0.5881179578,1494,0.3641307084,
1495,0.5881179578,1495,0.3641307084,
1496,0.5881179578,1496,0.3641307084,
1497,0.5881179578,1497,0.3641307084,
1498,0.5881179578,1498,0.3641307084,
1499,0.5881179578,1499,0.3641307084,
1500,0.3699726658,1500,0.7723831778,
1501,0.3699726658,1501,0.7723831778,
1502,0.3699726658,1502,0.7723831778,
1503,0.3699726658,1503,0.7723831778,
1504,0.3699726658,1504,0.7723831778,
1505,0.3699726658,1505,0.7723831778,
1506,0.3699726658,1506,0.7723831778,
1507,0.3699726658,1507,0.7723831778,
1508,0.3699726658,1508,0.7723831778,
1509,0.3699726658,1509,0.7723831778,
1510,0.722597993,1510,0.3348243169,
1511,0.722597993,1511,0.3348243169,
1512,0.722597993,1512,0.3348243169,
1513,0.722597993,1513,0.3348243169,
1514,0.722597993,1514,0.3348243169,
1515,0.722597993,1515,0.3348243169,
1516,0.722597993,1516,0.3348243169,
1517,0.722597993,1517,0.3348243169,
1518,0.722597993,1518,0.3348243169,
1519,0.722597993,1519,0.3348243169,
1520,0.404372273,1520,0.3365095058,
1521,0.404372273,1521,0.3365095058,
1522,0.404372273,1522,0.3365095058,
1523,0.404372273,1523,0.3365095058,
1524,0.404372273,1524,0.3365095058,
1525,0.404372273,1525,0.3365095058,
1526,0.404372273,1526,0.3365095058,
1527,0.404372273,1527,0.3365095058,
1528,0.404372273,1528,0.3365095058,
1529,0.404372273,1529,0.3365095058,
1530,0.09652033984,1530,0.04670076538,
1531,0.09652033984,1531,0.04670076538,
1532,0.09652033984,1532,0.04670076538,
1533,0.09652033984,1533,0.04670076538,
1534,0.09652033984,1534,0.04670076538,
1535,0.09652033984,1535,0.04670076538,
1536,0.09652033984,1536,0.04670076538,
1537,0.09652033984,1537,0.04670076538,
1538,0.09652033984,1538,0.04670076538,
1539,0.09652033984,1539,0.04670076538,
1540,0.8208903137,1540,0.8199584282,
1541,0.8208903137,1541,0.8199584282,
1542,0.8208903137,1542,0.8199584282,
1543,0.8208903137,1543,0.8199584282,
1544,0.8208903137,1544,0.8199584282,
1545,0.8208903137,1545,0.8199584282,
1546,0.8208903137,1546,0.8199584282,
1547,0.8208903137,1547,0.8199584282,
1548,0.8208903137,1548,0.8199584282,
1549,0.8208903137,1549,0.8199584282,
1550,0.2262758914,1550,0.3856130196,
1551,0.2262758914,1551,0.3856130196,
1552,0.2262758914,1552,0.3856130196,
1553,0.2262758914,1553,0.3856130196,
1554,0.2262758914,1554,0.3856130196,
1555,0.2262758914,1555,0.3856130196,
1556,0.2262758914,1556,0.3856130196,
1557,0.2262758914,1557,0.3856130196,
1558,0.2262758914,1558,0.3856130196,
1559,0.2262758914,1559,0.3856130196,
1560,0.6442800666,1560,0.8049275315,
1561,0.6442800666,1561,0.8049275315,
1562,0.6442800666,1562,0.8049275315,
1563,0.6442800666,1563,0.8049275315,
1564,0.6442800666,1564,0.8049275315,
1565,0.6442800666,1565,0.8049275315,
1566,0.6442800666,1566,0.8049275315,
1567,0.6442800666,1567,0.8049275315,
1568,0.6442800666,1568,0.8049275315,
1569,0.6442800666,1569,0.8049275315,
1570,0.6929828065,1570,0.3395519102,
1571,0.6929828065,1571,0.3395519102,
1572,0.6929828065,1572,0.3395519102,
1573,0.6929828065,1573,0.3395519102,
1574,0.6929828065,1574,0.3395519102,
1575,0.6929828065,1575,0.3395519102,
1576,0.6929828065,1576,0.3395519102,
1577,0.6929828065,1577,0.3395519102,
1578,0.6929828065,1578,0.3395519102,
1579,0.6929828065,1579,0.3395519102,
1580,0.6491362115,1580,0.6796194146,
1581,0.6491362115,1581,0.6796194146,
1582,0.6491362115,1582,0.6796194146,
1583,0.6491362115,1583,0.6796194146,
1584,0.6491362115,1584,0.6796194146,
1585,0.6491362115,1585,0.6796194146,
1586,0.6491362115,1586,0.6796194146,
1587,0.6491362115,1587,0.6796194146,
1588,0.6491362115,1588,0.6796194146,
1589,0.6491362115,1589,0.6796194146,
1590,0.838043705,1590,0.09382009381,
1591,0.838043705,1591,0.09382009381,
1592,0.838043705,1592,0.09382009381,
1593,0.838043705,1593,0.09382009381,
1594,0.838043705,1594,0.09382009381,
1595,0.838043705,1595,0.09382009381,
1596,0.838043705,1596,0.09382009381,
1597,0.838043705,1597,0.09382009381,
1598,0.838043705,1598,0.09382009381,
1599,0.838043705,1599,0.09382009381,
1600,0.4575236195,1600,0.7547400222,
1601,0.4575236195,1601,0.7547400222,
1602,0.4575236195,1602,0.7547400222,
1603,0.4575236195,1603,0.7547400222,
1604,0.4575236195,1604,0.7547400222,
1605,0.4575236195,1605,0.7547400222,
1606,0.4575236195,1606,0.7547400222,
1607,0.4575236195,1607,0.7547400222,
1608,0.4575236195,1608,0.7547400222,
1609,0.4575236195,1609,0.7547400222,
1610,0.8229498233,1610,0.7574174952,
1611,0.8229498233,1611,0.7574174952,
1612,0.8229498233,1612,0.7574174952,
1613,0.8229498233,1613,0.7574174952,
1614,0.8229498233,1614,0.7574174952,
1615,0.8229498233,1615,0.7574174952,
1616,0.8229498233,1616,0.7574174952,
1617,0.8229498233,1617,0.7574174952,
1618,0.8229498233,1618,0.7574174952,
1619,0.8229498233,1619,0.7574174952,
1620,0.4570168327,1620,0.755878524,
1621,0.4570168327,1621,0.755878524,
1622,0.4570168327,1622,0.755878524,
1623,0.4570168327,1623,0.755878524,
1624,0.4570168327,1624,0.755878524,
1625,0.4570168327,1625,0.755878524,
1626,0.4570168327,1626,0.755878524,
1627,0.4570168327,1627,0.755878524,
1628,0.4570168327,1628,0.755878524,
1629,0.4570168327,1629,0.755878524,
1630,0.06654737181,1630,0.6135790234,
1631,0.06654737181,1631,0.6135790234,
1632,0.06654737181,1632,0.6135790234,
1633,0.06654737181,1633,0.6135790234,
1634,0.06654737181,1634,0.6135790234,
1635,0.06654737181,1635,0.6135790234,
1636,0.06654737181,1636,0.6135790234,
1637,0.06654737181,1637,0.6135790234,
1638,0.06654737181,1638,0.6135790234,
1639,0.06654737181,1639,0.6135790234,
1640,0.8221155137,1640,0.5718648402,
1641,0.8221155137,1641,0.5718648402,
1642,0.8221155137,1642,0.5718648402,
1643,0.8221155137,1643,0.5718648402,
1644,0.8221155137,1644,0.5718648402,
1645,0.8221155137,1645,0.5718648402,
1646,0.8221155137,1646,0.5718648402,
1647,0.8221155137,1647,0.5718648402,
1648,0.8221155137,1648,0.5718648402,
1649,0.8221155137,1649,0.5718648402,
1650,0.8267906514,1650,0.4906844427,
1651,0.8267906514,1651,0.4906844427,
1652,0.8267906514,1652,0.4906844427,
1653,0.8267906514,1653,0.4906844427,
1654,0.8267906514,1654,0.4906844427,
1655,0.8267906514,1655,0.4906844427,
1656,0.8267906514,1656,0.4906844427,
1657,0.8267906514,1657,0.4906844427,
1658,0.8267906514,1658,0.4906844427,
1659,0.8267906514,1659,0.4906844427,
1660,0.7604059708,1660,0.093534194,
1661,0.7604059708,1661,0.093534194,
1662,0.7604059708,1662,0.093534194,
1663,0.7604059708,1663,0.093534194,
1664,0.7604059708,1664,0.093534194,
1665,0.7604059708,1665,0.093534194,
1666,0.7604059708,1666,0.093534194,
1667,0.7604059708,1667,0.093534194,
1668,0.7604059708,1668,0.093534194,
1669,0.7604059708,1669,0.093534194,
1670,0.7202543905,1670,0.8377976096,
1671,0.7202543905,1671,0.8377976096,
1672,0.7202543905,1672,0.8377976096,
1673,0.7202543905,1673,0.8377976096,
1674,0.7202543905,1674,0.8377976096,
1675,0.7202543905,1675,0.8377976096,
1676,0.7202543905,1676,0.8377976096,
1677,0.7202543905,1677,0.8377976096,
1678,0.7202543905,1678,0.8377976096,
1679,0.7202543905,1679,0.8377976096,
1680,0.6153189261,1680,0.4259991945,
1681,0.6153189261,1681,0.4259991945,
1682,0.6153189261,1682,0.4259991945,
1683,0.6153189261,1683,0.4259991945,
1684,0.6153189261,1684,0.4259991945,
1685,0.6153189261,1685,0.4259991945,
1686,0.6153189261,1686,0.4259991945,
1687,0.6153189261,1687,0.4259991945,
1688,0.6153189261,1688,0.4259991945,
1689,0.6153189261,1689,0.4259991945,
1690,0.4605423575,1690,0.412859919,
1691,0.4605423575,1691,0.412859919,
1692,0.4605423575,1692,0.412859919,
1693,0.4605423575,1693,0.412859919,
1694,0.4605423575,1694,0.412859919,
1695,0.4605423575,1695,0.412859919,
1696,0.4605423575,1696,0.412859919,
1697,0.4605423575,1697,0.412859919,
1698,0.4605423575,1698,0.412859919,
1699,0.4605423575,1699,0.412859919,
1700,0.3069496413,1700,0.02604935241,
1701,0.3069496413,1701,0.02604935241,
1702,0.3069496413,1702,0.02604935241,
1703,0.3069496413,1703,0.02604935241,
1704,0.3069496413,1704,0.02604935241,
1705,0.3069496413,1705,0.02604935241,
1706,0.3069496413,1706,0.02604935241,
1707,0.3069496413,1707,0.02604935241,
1708,0.3069496413,1708,0.02604935241,
1709,0.3069496413,1709,0.02604935241,
1710,0.7369872635,1710,0.4904682157,
1711,0.7369872635,1711,0.4904682157,
1712,0.7369872635,1712,0.4904682157,
1713,0.7369872635,1713,0.4904682157,
1714,0.7369872635,1714,0.4904682157,
1715,0.7369872635,1715,0.4904682157,
1716,0.7369872635,1716,0.4904682157,
1717,0.7369872635,1717,0.4904682157,
1718,0.7369872635,1718,0.4904682157,
1719,0.7369872635,1719,0.4904682157,
1720,0.4592494925,1720,0.4745450585,
1721,0.4592494925,1721,0.4745450585,
1722,0.4592494925,1722,0.4745450585,
1723,0.4592494925,1723,0.4745450585,
1724,0.4592494925,1724,0.4745450585,
1725,0.4592494925,1725,0.4745450585,
1726,0.4592494925,1726,0.4745450585,
1727,0.4592494925,1727,0.4745450585,
1728,0.4592494925,1728,0.4745450585,
1729,0.4592494925,1729,0.4745450585,
1730,0.5451240356,1730,0.3779698663,
1731,0.5451240356,1731,0.3779698663,
1732,0.5451240356,1732,0.3779698663,
1733,0.5451240356,1733,0.3779698663,
1734,0.5451240356,1734,0.3779698663,
1735,0.5451240356,1735,0.3779698663,
1736,0.5451240356,1736,0.3779698663,
1737,0.5451240356,1737,0.3779698663,
1738,0.5451240356,1738,0.3779698663,
1739,0.5451240356,1739,0.3779698663,
1740,0.685669739,1740,0.7795854268,
1741,0.685669739,1741,0.7795854268,
1742,0.685669739,1742,0.7795854268,
1743,0.685669739,1743,0.7795854268,
1744,0.685669739,1744,0.7795854268,
1745,0.685669739,1745,0.7795854268,
1746,0.685669739,1746,0.7795854268,
1747,0.685669739,1747,0.7795854268,
1748,0.685669739,1748,0.7795854268,
1749,0.685669739,1749,0.7795854268,
1750,0.101233107,1750,0.6736462799,
1751,0.101233107,1751,0.6736462799,
1752,0.101233107,1752,0.6736462799,
1753,0.101233107,1753,0.6736462799,
1754,0.101233107,1754,0.6736462799,
1755,0.101233107,1755,0.6736462799,
1756,0.101233107,1756,0.6736462799,
1757,0.101233107,1757,0.6736462799,
1758,0.101233107,1758,0.6736462799,
1759,0.101233107,1759,0.6736462799,
1760,0.1039940291,1760,0.8201403211,
1761,0.1039940291,1761,0.8201403211,
1762,0.1039940291,1762,0.8201403211,
1763,0.1039940291,1763,0.8201403211,
1764,0.1039940291,1764,0.8201403211,
1765,0.1039940291,1765,0.8201403211,
1766,0.1039940291,1766,0.8201403211,
1767,0.1039940291,1767,0.8201403211,
1768,0.1039940291,1768,0.8201403211,
1769,0.1039940291,1769,0.8201403211,
1770,0.2088909351,1770,0.02421332257,
1771,0.2088909351,1771,0.02421332257,
1772,0.2088909351,1772,0.02421332257,
1773,0.2088909351,1773,0.02421332257,
1774,0.2088909351,1774,0.02421332257,
1775,0.2088909351,1775,0.02421332257,
1776,0.2088909351,1776,0.02421332257,
1777,0.2088909351,1777,0.02421332257,
1778,0.2088909351,1778,0.02421332257,
1779,0.2088909351,1779,0.02421332257,
1780,0.7863633619,1780,0.457863073,
1781,0.7863633619,1781,0.457863073,
1782,0.7863633619,1782,0.457863073,
1783,0.7863633619,1783,0.457863073,
1784,0.7863633619,1784,0.457863073,
1785,0.7863633619,1785,0.457863073,
1786,0.7863633619,1786,0.457863073,
1787,0.7863633619,1787,0.457863073,
1788,0.7863633619,1788,0.457863073,
1789,0.7863633619,1789,0.457863073,
1790,0.3147802592,1790,0.529090722,
1791,0.3147802592,1791,0.529090722,
1792,0.3147802592,1792,0.529090722,
1793,0.3147802592,1793,0.529090722,
1794,0.3147802592,1794,0.529090722,
1795,0.3147802592,1795,0.529090722,
1796,0.3147802592,1796,0.529090722,
1797,0.3147802592,1797,0.529090722,
1798,0.3147802592,1798,0.529090722,
1799,0.3147802592,1799,0.529090722,
1800,0.2649975767,1800,0.788070059,
1801,0.2649975767,1801,0.788070059,
1802,0.2649975767,1802,0.788070059,
1803,0.2649975767,1803,0.788070059,
1804,0.2649975767,1804,0.788070059,
1805,0.2649975767,1805,0.788070059,
1806,0.2649975767,1806,0.788070059,
1807,0.2649975767,1807,0.788070059,
1808,0.2649975767,1808,0.788070059,
1809,0.2649975767,1809,0.788070059,
1810,0.8401627082,1810,0.07976578116,
1811,0.8401627082,1811,0.07976578116,
1812,0.8401627082,1812,0.07976578116,
1813,0.8401627082,1813,0.07976578116,
1814,0.8401627082,1814,0.07976578116,
1815,0.8401627082,1815,0.07976578116,
1816,0.8401627082,1816,0.07976578116,
1817,0.8401627082,1817,0.07976578116,
1818,0.8401627082,1818,0.07976578116,
1819,0.8401627082,1819,0.07976578116,
1820,0.05747672273,1820,0.8123978998,
1821,0.05747672273,1821,0.8123978998,
1822,0.05747672273,1822,0.8123978998,
1823,0.05747672273,1823,0.8123978998,
1824,0.05747672273,1824,0.8123978998,
1825,0.05747672273,1825,0.8123978998,
1826,0.05747672273,1826,0.8123978998,
1827,0.05747672273,1827,0.8123978998,
1828,0.05747672273,1828,0.8123978998,
1829,0.05747672273,1829,0.8123978998,
1830,0.6297750989,1830,0.7770335441,
1831,0.6297750989,1831,0.7770335441,
1832,0.6297750989,1832,0.7770335441,
1833,0.6297750989,1833,0.7770335441,
1834,0.6297750989,1834,0.7770335441,
1835,0.6297750989,1835,0.7770335441,
1836,0.6297750989,1836,0.7770335441,
1837,0.6297750989,1837,0.7770335441,
1838,0.6297750989,1838,0.7770335441,
1839,0.6297750989,1839,0.7770335441,
1840,0.7430061901,1840,0.4931572304,
1841,0.7430061901,1841,0.4931572304,
1842,0.7430061901,1842,0.4931572304,
1843,0.7430061901,1843,0.4931572304,
1844,0.7430061901,1844,0.4931572304,
1845,0.7430061901,1845,0.4931572304,
1846,0.7430061901,1846,0.4931572304,
1847,0.7430061901,1847,0.4931572304,
1848,0.7430061901,1848,0.4931572304,
1849,0.7430061901,1849,0.4931572304,
1850,0.56930977,1850,0.1133852787,
1851,0.56930977,1851,0.1133852787,
1852,0.56930977,1852,0.1133852787,
1853,0.56930977,1853,0.1133852787,
1854,0.56930977,1854,0.1133852787,
1855,0.56930977,1855,0.1133852787,
1856,0.56930977,1856,0.1133852787,
1857,0.56930977,1857,0.1133852787,
1858,0.56930977,1858,0.1133852787,
1859,0.56930977,1859,0.1133852787,
1860,0.2490357993,1860,0.7382841879,
1861,0.2490357993,1861,0.7382841879,
1862,0.2490357993,1862,0.7382841879,
1863,0.2490357993,1863,0.7382841879,
1864,0.2490357993,1864,0.7382841879,
1865,0.2490357993,1865,0.7382841879,
1866,0.2490357993,1866,0.7382841879,
1867,0.2490357993,1867,0.7382841879,
1868,0.2490357993,1868,0.7382841879,
1869,0.2490357993,1869,0.7382841879,
1870,0.2151723546,1870,0.5250465439,
1871,0.2151723546,1871,0.5250465439,
1872,0.2151723546,1872,0.5250465439,
1873,0.2151723546,1873,0.5250465439,
1874,0.2151723546,1874,0.5250465439,
1875,0.2151723546,1875,0.5250465439,
1876,0.2151723546,1876,0.5250465439,
1877,0.2151723546,1877,0.5250465439,
1878,0.2151723546,1878,0.5250465439,
1879,0.2151723546,1879,0.5250465439,
1880,0.6644717518,1880,0.398187084,
1881,0.6644717518,1881,0.398187084,
1882,0.6644717518,1882,0.398187084,
1883,0.6644717518,1883,0.398187084,
1884,0.6644717518,1884,0.398187084,
1885,0.6644717518,1885,0.398187084,
1886,0.6644717518,1886,0.398187084,
1887,0.6644717518,1887,0.398187084,
1888,0.6644717518,1888,0.398187084,
1889,0.6644717518,1889,0.398187084,
1890,0.1014342983,1890,0.6932654697,
1891,0.1014342983,1891,0.6932654697,
1892,0.1014342983,1892,0.6932654697,
1893,0.1014342983,1893,0.6932654697,
1894,0.1014342983,1894,0.6932654697,
1895,0.1014342983,1895,0.6932654697,
1896,0.1014342983,1896,0.6932654697,
1897,0.1014342983,1897,0.6932654697,
1898,0.1014342983,1898,0.6932654697,
1899,0.1014342983,1899,0.6932654697,
1900,0.7929658027,1900,0.5993908616,
1901,0.7929658027,1901,0.5993908616,
1902,0.7929658027,1902,0.5993908616,
1903,0.7929658027,1903,0.5993908616,
1904,0.7929658027,1904,0.5993908616,
1905,0.7929658027,1905,0.5993908616,
1906,0.7929658027,1906,0.5993908616,
1907,0.7929658027,1907,0.5993908616,
1908,0.7929658027,1908,0.5993908616,
1909,0.7929658027,1909,0.5993908616,
1910,0.06414128001,1910,0.70911481,
1911,0.06414128001,1911,0.70911481,
1912,0.06414128001,1912,0.70911481,
1913,0.06414128001,1913,0.70911481,
1914,0.06414128001,1914,0.70911481,
1915,0.06414128001,1915,0.70911481,
1916,0.06414128001,1916,0.70911481,
1917,0.06414128001,1917,0.70911481,
1918,0.06414128001,1918,0.70911481,
1919,0.06414128001,1919,0.70911481,
